"TANGGAL","HARGA BERAS KUALITAS  BAWAH I (PER KG)","HARGA BERAS KUALITAS  BAWAH II (PER KG)","HARGA BERAS KUALITAS  MEDIUM I (PER KG)","HARGA BERAS KUALITAS  MEDIUM II (PER KG)","HARGA BERAS KUALITAS  SUPER I (PER KG)","HARGA BERAS KUALITAS  SUPER II (PER KG)","INFLASI (BI)","KURS USD","BBM (PERTALITE)","UMP SULUT","JUMLAH PENDUDUK","PUPUK SUBSIDI"
"2018-01-01",10400.0,10400.0,11650,11150.0,12250.0,11750.0,3.25,13380.0,7800.0,2824286.0,272144.0,2500.0
"2018-02-01",10400.0,10400.0,11650,11150.0,12250.0,11750.0,3.18,13590.0,7800.0,2824286.0,272144.0,2500.0
"2018-03-01",10400.0,10400.0,11650,11150.0,12250.0,11750.0,3.4,13758.0,7800.0,2824286.0,272144.0,2500.0
"2018-04-01",10400.0,10400.0,11650,11150.0,12250.0,11750.0,3.41,13802.0,7800.0,2824286.0,272144.0,2500.0
"2018-05-01",10400.0,10400.0,11650,11150.0,12250.0,11750.0,3.23,14059.0,7800.0,2824286.0,272144.0,2500.0
"2018-06-01",10400.0,10400.0,11650,11150.0,12250.0,11750.0,3.12,14049.0,7800.0,2824286.0,272144.0,2500.0
"2018-07-01",10400.0,10400.0,11650,11150.0,12400.0,11900.0,3.18,14414.0,7800.0,2824286.0,272144.0,2500.0
"2018-08-01",10400.0,10400.0,11650,11150.0,12400.0,11900.0,3.2,14559.0,7800.0,2824286.0,272144.0,2500.0
"2018-09-01",10400.0,10400.0,11650,11150.0,12400.0,11900.0,2.88,14868.0,7800.0,2824286.0,272144.0,2500.0
"2018-10-01",10400.0,10400.0,11650,11150.0,12400.0,11900.0,3.16,15178.0,7800.0,2824286.0,272144.0,2500.0
"2018-11-01",10500.0,10400.0,11650,11400.0,12500.0,11900.0,3.23,14696.0,7800.0,2824286.0,272144.0,2500.0
"2018-12-01",10500.0,10400.0,11650,11400.0,12000.0,11900.0,3.13,14496.0,7800.0,2824286.0,272144.0,2500.0
"2019-01-01",10500.0,10400.0,11650,11400.0,12000.0,11900.0,2.82,14163.0,7650.0,3051076.0,250698.0,3000.0
"2019-02-01",10500.0,10400.0,11500,11250.0,12000.0,11900.0,2.57,14035.0,7650.0,3051076.0,250698.0,3000.0
"2019-03-01",10650.0,10500.0,11500,11250.0,12000.0,11900.0,2.48,14211.0,7650.0,3051076.0,250698.0,3000.0
"2019-04-01",10650.0,10500.0,11500,11250.0,11900.0,11900.0,2.83,14142.0,7650.0,3051076.0,250698.0,3000.0
"2019-05-01",10650.0,10500.0,11500,11250.0,11900.0,11900.0,3.32,14392.0,7650.0,3051076.0,250698.0,3000.0
"2019-06-01",10650.0,10500.0,11500,11250.0,11900.0,11900.0,3.28,14226.0,7650.0,3051076.0,250698.0,3000.0
"2019-07-01",10650.0,10500.0,11400,11000.0,12000.0,11650.0,3.32,14043.0,7650.0,3051076.0,250698.0,3000.0
"2019-08-01",10650.0,10500.0,11400,11000.0,12000.0,11650.0,3.49,14242.0,7650.0,3051076.0,250698.0,3000.0
"2019-09-01",10650.0,10500.0,11250,11000.0,12000.0,11650.0,3.39,14111.0,7650.0,3051076.0,250698.0,3000.0
"2019-10-01",10650.0,10500.0,11250,11000.0,12000.0,11650.0,3.13,14117.0,7650.0,3051076.0,250698.0,3000.0
"2019-11-01",10650.0,10500.0,11250,11000.0,12000.0,11650.0,3.0,14068.0,7650.0,3051076.0,250698.0,3000.0
"2019-12-01",10650.0,10500.0,11250,11000.0,12000.0,11650.0,2.72,14017.0,7650.0,3051076.0,250698.0,3000.0
"2020-01-01",10650.0,10500.0,11250,11000.0,12000.0,11650.0,2.68,13732.0,7650.0,3310723.0,262192.0,6500.0
"2020-02-01",10650.0,10500.0,11250,11000.0,12000.0,11650.0,2.98,13776.0,7650.0,3310723.0,262192.0,6500.0
"2020-03-01",10650.0,10500.0,11250,11000.0,12000.0,11650.0,2.96,15194.0,7650.0,3310723.0,262192.0,6500.0
"2020-04-01",10650.0,10500.0,11900,11000.0,12000.0,11650.0,2.67,15867.0,7650.0,3310723.0,262192.0,6500.0
"2020-05-01",10650.0,10500.0,11900,11000.0,11750.0,11650.0,2.19,14906.0,7650.0,3310723.0,262192.0,6500.0
"2020-06-01",10900.0,10500.0,11750,11000.0,11750.0,11650.0,1.96,14195.0,7650.0,3310723.0,262192.0,6500.0
"2020-07-01",10900.0,10500.0,11750,10900.0,11750.0,11650.0,1.54,14582.0,7650.0,3310723.0,262192.0,6500.0
"2020-08-01",10900.0,10500.0,11750,10900.0,11750.0,11650.0,1.32,14724.0,7650.0,3310723.0,262192.0,6500.0
"2020-09-01",10900.0,10500.0,11750,10900.0,11750.0,11650.0,1.42,14847.0,7650.0,3310723.0,262192.0,6500.0
"2020-10-01",11250.0,10500.0,11750,11250.0,11900.0,11650.0,1.44,14758.0,7650.0,3310723.0,262192.0,6500.0
"2020-11-01",11250.0,10500.0,11750,11250.0,11900.0,11650.0,1.59,14236.0,7650.0,3310723.0,262192.0,6500.0
"2020-12-01",11250.0,10500.0,11750,11250.0,11900.0,11650.0,1.68,14165.0,7650.0,3310723.0,262192.0,6500.0
"2021-01-01",11250.0,10500.0,11750,11250.0,11900.0,11650.0,1.55,14061.0,7650.0,3310723.0,263863.0,9000.0
"2021-02-01",11250.0,10500.0,11750,11250.0,11900.0,11650.0,1.38,14043.0,7650.0,3310723.0,263863.0,9000.0
"2021-03-01",11250.0,10500.0,11750,11250.0,11900.0,11650.0,1.37,14417.0,7650.0,3310723.0,263863.0,9000.0
"2021-04-01",10900.0,10500.0,11650,11400.0,11750.0,12000.0,1.42,14551.0,7650.0,3310723.0,263863.0,9000.0
"2021-05-01",10900.0,10500.0,11750,11250.0,11750.0,12000.0,1.68,14333.0,7650.0,3310723.0,263863.0,9000.0
"2021-06-01",10650.0,10500.0,11750,11250.0,11750.0,12000.0,1.33,14351.0,7650.0,3310723.0,263863.0,9000.0
"2021-07-01",10650.0,10500.0,11500,11000.0,11750.0,11750.0,1.52,14507.0,7650.0,3310723.0,263863.0,9000.0
"2021-08-01",10650.0,10500.0,11500,11000.0,11750.0,11750.0,1.59,14389.0,7650.0,3310723.0,263863.0,9000.0
"2021-09-01",10650.0,10500.0,11500,11150.0,11750.0,11750.0,1.6,14257.0,7650.0,3310723.0,263863.0,9000.0
"2021-10-01",10650.0,10500.0,11500,11150.0,11750.0,11750.0,1.66,14190.0,7650.0,3310723.0,263863.0,9000.0
"2021-11-01",10650.0,10500.0,11500,11000.0,11750.0,11750.0,1.75,14270.0,7650.0,3310723.0,263863.0,9000.0
"2021-12-01",10650.0,10500.0,11250,11250.0,11750.0,11750.0,1.87,14327.0,7650.0,3310723.0,263863.0,9000.0
"2022-01-01",10650.0,10500.0,11350,11000.0,11850.0,11400.0,2.18,14340.0,7650.0,3310723.0,265954.0,14000.0
"2022-02-01",10650.0,10500.0,11350,11000.0,11850.0,11400.0,2.06,14349.0,7650.0,3310723.0,265954.0,14000.0
"2022-03-01",10650.0,10500.0,11350,11000.0,11850.0,11400.0,2.64,14348.0,7650.0,3310723.0,265954.0,14000.0
"2022-04-01",10650.0,10500.0,11450,11250.0,12100.0,11750.0,3.47,14375.0,7650.0,3310723.0,265954.0,14000.0
"2022-05-01",10650.0,10500.0,11450,11250.0,11850.0,11750.0,3.55,14615.0,7650.0,3310723.0,265954.0,14000.0
"2022-06-01",10650.0,10500.0,11450,11250.0,11850.0,11750.0,4.35,14702.0,7650.0,3310723.0,265954.0,14000.0
"2022-07-01",10650.0,10500.0,11450,11200.0,11850.0,11750.0,4.94,14983.0,7650.0,3310723.0,265954.0,14000.0
"2022-08-01",10650.0,10500.0,11600,11400.0,11950.0,11750.0,4.69,14850.0,7650.0,3310723.0,265954.0,14000.0
"2022-09-01",10650.0,10500.0,11600,11350.0,11950.0,11700.0,5.95,14989.0,10000.0,3310723.0,265954.0,14000.0
"2022-10-01",10650.0,10500.0,11500,11350.0,11950.0,11700.0,5.71,15434.0,10000.0,3310723.0,265954.0,14000.0
"2022-11-01",10650.0,10500.0,11500,11350.0,11900.0,11700.0,5.42,15665.0,10000.0,3310723.0,265954.0,14000.0
"2022-12-01",10650.0,10500.0,11500,11350.0,11900.0,11700.0,5.51,15608.0,10000.0,3310723.0,265954.0,14000.0
"2023-01-01",11400.0,11400.0,11850,11800.0,12450.0,12150.0,5.28,15266.0,10000.0,3485000.0,268154.0,12000.0
"2023-02-01",11650.0,11500.0,11850,11950.0,12400.0,12350.0,5.47,15138.0,10000.0,3485000.0,268154.0,12000.0
"2023-03-01",11650.0,11500.0,12200,12450.0,13300.0,12950.0,4.97,15288.0,10000.0,3485000.0,268154.0,12000.0
"2023-04-01",12000.0,11500.0,12650,12750.0,13550.0,13400.0,4.33,14844.0,10000.0,3485000.0,268154.0,12000.0
"2023-05-01",13750.0,13000.0,13000,13150.0,13550.0,13350.0,4.0,14827.0,10000.0,3485000.0,268154.0,12000.0
"2023-06-01",13750.0,13000.0,12750,12700.0,13250.0,13350.0,3.52,14931.0,10000.0,3485000.0,268154.0,12000.0
"2023-07-01",13500.0,13000.0,12700,12500.0,12950.0,13000.0,3.08,15044.0,10000.0,3485000.0,268154.0,12000.0
"2023-08-01",13250.0,13000.0,12600,12500.0,12900.0,12950.0,3.27,15251.0,10000.0,3485000.0,268154.0,12000.0
"2023-09-01",13150.0,13150.0,12650,12500.0,13200.0,13200.0,2.28,15366.0,10000.0,3485000.0,268154.0,12000.0
"2023-10-01",14150.0,14000.0,13150,12950.0,13750.0,13850.0,2.56,15759.0,10000.0,3485000.0,268154.0,12000.0
"2023-11-01",14750.0,14650.0,13400,13150.0,14450.0,14450.0,2.86,15598.0,10000.0,3485000.0,268154.0,12000.0
"2023-12-01",14150.0,14000.0,13350,13300.0,14450.0,14200.0,2.61,15511.0,10000.0,3485000.0,268154.0,12000.0
"2024-01-01",14150.0,12000.0,13900,14250.0,14650.0,14650.0,2.57,15627.0,10000.0,3545000.0,270178.0,10000.0
"2024-02-01",14250.0,12150.0,14150,14400.0,15000.0,14750.0,2.75,15660.0,10000.0,3545000.0,270178.0,10000.0
"2024-03-01",15650.0,13650.0,15650,15250.0,16000.0,15500.0,3.05,15711.0,10000.0,3545000.0,270178.0,10000.0
"2024-04-01",16650.0,14000.0,16250,16250.0,16750.0,17150.0,3.0,16125.0,10000.0,3545000.0,270178.0,10000.0
"2024-05-01",14500.0,12750.0,14750,14900.0,15500.0,15000.0,2.84,16082.0,10000.0,3545000.0,270178.0,10000.0
"2024-06-01",14750.0,13250.0,14650,14650.0,15150.0,15000.0,2.51,16337.0,10000.0,3545000.0,270178.0,10000.0
"2024-07-01",14750.0,13250.0,14500,14650.0,15150.0,15000.0,2.13,16257.0,10000.0,3545000.0,270178.0,10000.0
"2024-08-01",14750.0,13000.0,14250,14650.0,15150.0,15000.0,2.12,15755.0,10000.0,3545000.0,270178.0,10000.0
"2024-09-01",14750.0,13000.0,14250,14650.0,15150.0,15000.0,1.84,15324.0,10000.0,3545000.0,270178.0,10000.0
"2024-10-01",15500.0,13400.0,14650,14650.0,15250.0,15000.0,1.71,15565.0,10000.0,3545000.0,270178.0,10000.0
"2024-11-01",14750.0,13000.0,14500,14750.0,15150.0,14900.0,1.55,15819.0,10000.0,3545000.0,270178.0,10000.0
"2024-12-01",14750.0,13000.0,14150,13900.0,15150.0,14900.0,1.57,16038.0,10000.0,3545000.0,270178.0,10000.0
